country_name,country_iso,post_name,post_differential_pct,danger_pay_pct,cola_pct_spendable_income,effective_date,source_url
AFGHANISTAN,AF,Kabul,35,35,0,2026-06-14,https://allowances.state.gov/Web920/
AFGHANISTAN,AF,Other,35,35,0,2026-06-14,https://allowances.state.gov/Web920/
ALBANIA,AL,Other,20,,50,2026-06-14,https://allowances.state.gov/Web920/
ALBANIA,AL,Tirana,20,,50,2026-06-14,https://allowances.state.gov/Web920/
ALGERIA,ALGERIA,Algiers,25,,0,2026-06-14,https://allowances.state.gov/Web920/
ALGERIA,ALGERIA,Other,25,,0,2026-06-14,https://allowances.state.gov/Web920/
ANGOLA,ANGOLA,Luanda,25,,25,2026-06-14,https://allowances.state.gov/Web920/
ANGOLA,ANGOLA,Other,30,,25,2026-06-14,https://allowances.state.gov/Web920/
ANTARCTIC REGION POSTS,ANTARCTIC REGION POSTS,Antarctic Region Posts,25,,0,2026-06-14,https://allowances.state.gov/Web920/
ANTIGUA AND BARBUDA,ANTIGUA AND BARBUDA,Antigua and Barbuda,0,,42,2026-06-14,https://allowances.state.gov/Web920/
ANTIGUA AND BARBUDA,ANTIGUA AND BARBUDA,St. Johns,0,,42,2026-06-14,https://allowances.state.gov/Web920/
ARCTIC CIRCLE POSTS,ARCTIC CIRCLE POSTS,Arctic Circle Posts,25,,0,2026-06-14,https://allowances.state.gov/Web920/
ARGENTINA,AR,Buenos Aires,10,,20,2026-06-14,https://allowances.state.gov/Web920/
ARGENTINA,AR,Other,0,,20,2026-06-14,https://allowances.state.gov/Web920/
ARMENIA,ARMENIA,Other,15,,35,2026-06-14,https://allowances.state.gov/Web920/
ARMENIA,ARMENIA,Yerevan,15,,35,2026-06-14,https://allowances.state.gov/Web920/
AUSTRALIA,AU,Adelaide,0,,35,2026-06-14,https://allowances.state.gov/Web920/
AUSTRALIA,AU,Alice Springs,20,,42,2026-06-14,https://allowances.state.gov/Web920/
AUSTRALIA,AU,Amberley RAAF Base,0,,42,2026-06-14,https://allowances.state.gov/Web920/
AUSTRALIA,AU,Bendigo,0,,42,2026-06-14,https://allowances.state.gov/Web920/
AUSTRALIA,AU,Brisbane,0,,42,2026-06-14,https://allowances.state.gov/Web920/
AUSTRALIA,AU,Canberra,0,,35,2026-06-14,https://allowances.state.gov/Web920/
AUSTRALIA,AU,"Darwin, Northern Territory",0,,35,2026-06-14,https://allowances.state.gov/Web920/
AUSTRALIA,AU,Garden Island,0,,35,2026-06-14,https://allowances.state.gov/Web920/
AUSTRALIA,AU,Geraldton,0,,35,2026-06-14,https://allowances.state.gov/Web920/
AUSTRALIA,AU,Gold Coast,0,,42,2026-06-14,https://allowances.state.gov/Web920/
AUSTRALIA,AU,Melbourne,0,,42,2026-06-14,https://allowances.state.gov/Web920/
AUSTRALIA,AU,"Newcastle, NSW",0,,42,2026-06-14,https://allowances.state.gov/Web920/
AUSTRALIA,AU,Nowra,0,,35,2026-06-14,https://allowances.state.gov/Web920/
AUSTRALIA,AU,Oakey,0,,42,2026-06-14,https://allowances.state.gov/Web920/
AUSTRALIA,AU,Other,0,,30,2026-06-14,https://allowances.state.gov/Web920/
AUSTRALIA,AU,Perth,0,,35,2026-06-14,https://allowances.state.gov/Web920/
AUSTRALIA,AU,"Richmond, NSW",0,,42,2026-06-14,https://allowances.state.gov/Web920/
AUSTRALIA,AU,Rockingham,0,,35,2026-06-14,https://allowances.state.gov/Web920/
AUSTRALIA,AU,Sydney,0,,42,2026-06-14,https://allowances.state.gov/Web920/
AUSTRALIA,AU,Toowoomba,0,,42,2026-06-14,https://allowances.state.gov/Web920/
AUSTRALIA,AU,Townsville,0,,35,2026-06-14,https://allowances.state.gov/Web920/
AUSTRALIA,AU,"Walkerville, S.A.",0,,35,2026-06-14,https://allowances.state.gov/Web920/
AUSTRALIA,AU,Williamtown,0,,30,2026-06-14,https://allowances.state.gov/Web920/
AUSTRALIA,AU,Wollongong,0,,35,2026-06-14,https://allowances.state.gov/Web920/
AUSTRIA,AT,Other,0,,60,2026-06-14,https://allowances.state.gov/Web920/
AUSTRIA,AT,Vienna,0,,60,2026-06-14,https://allowances.state.gov/Web920/
AZERBAIJAN,AZERBAIJAN,Baku,20,,5,2026-06-14,https://allowances.state.gov/Web920/
AZERBAIJAN,AZERBAIJAN,Other,20,,5,2026-06-14,https://allowances.state.gov/Web920/
Aruba,Aruba,Oranjestad,5,,30,2026-06-14,https://allowances.state.gov/Web920/
Aruba,Aruba,Other,5,,30,2026-06-14,https://allowances.state.gov/Web920/
BAHRAIN,BH,Bahrain,15,,5,2026-06-14,https://allowances.state.gov/Web920/
BANGLADESH,BANGLADESH,Dhaka,35,,0,2026-06-14,https://allowances.state.gov/Web920/
BANGLADESH,BANGLADESH,Other,35,,0,2026-06-14,https://allowances.state.gov/Web920/
BARBADOS,BARBADOS,Barbados,5,,50,2026-06-14,https://allowances.state.gov/Web920/
BELARUS,BELARUS,Minsk,20,,0,2026-06-14,https://allowances.state.gov/Web920/
BELARUS,BELARUS,Other,20,,0,2026-06-14,https://allowances.state.gov/Web920/
BELGIUM,BE,Antwerp,0,,50,2026-06-14,https://allowances.state.gov/Web920/
BELGIUM,BE,Bertrix,0,,50,2026-06-14,https://allowances.state.gov/Web920/
BELGIUM,BE,Brussels,0,,50,2026-06-14,https://allowances.state.gov/Web920/
BELGIUM,BE,Florennes,0,,50,2026-06-14,https://allowances.state.gov/Web920/
BELGIUM,BE,Gosselies,0,,50,2026-06-14,https://allowances.state.gov/Web920/
BELGIUM,BE,Henri-Chapelle,0,,50,2026-06-14,https://allowances.state.gov/Web920/
BELGIUM,BE,Herstal,0,,50,2026-06-14,https://allowances.state.gov/Web920/
BELGIUM,BE,Hoogbuul,0,,50,2026-06-14,https://allowances.state.gov/Web920/
BELGIUM,BE,Kleine Brogel,0,,50,2026-06-14,https://allowances.state.gov/Web920/
BELGIUM,BE,Mons,0,,50,2026-06-14,https://allowances.state.gov/Web920/
BELGIUM,BE,Neuville-en-Condroz,0,,50,2026-06-14,https://allowances.state.gov/Web920/
BELGIUM,BE,Other,0,,50,2026-06-14,https://allowances.state.gov/Web920/
BELGIUM,BE,SHAPE/Chievres,0,,50,2026-06-14,https://allowances.state.gov/Web920/
BELGIUM,BE,Waereghem,0,,50,2026-06-14,https://allowances.state.gov/Web920/
BELGIUM,BE,Zutendaal,0,,50,2026-06-14,https://allowances.state.gov/Web920/
BELIZE,BELIZE,Belmopan,25,,42,2026-06-14,https://allowances.state.gov/Web920/
BELIZE,BELIZE,Other,25,,42,2026-06-14,https://allowances.state.gov/Web920/
BENIN,BENIN,Cotonou,30,,25,2026-06-14,https://allowances.state.gov/Web920/
BENIN,BENIN,Other,35,,25,2026-06-14,https://allowances.state.gov/Web920/
BERMUDA,BERMUDA,Bermuda,10,,80,2026-06-14,https://allowances.state.gov/Web920/
BOLIVIA,BOLIVIA,Cochabamba,0,,0,2026-06-14,https://allowances.state.gov/Web920/
BOLIVIA,BOLIVIA,La Paz,20,,0,2026-06-14,https://allowances.state.gov/Web920/
BOLIVIA,BOLIVIA,Other,20,,0,2026-06-14,https://allowances.state.gov/Web920/
BOLIVIA,BOLIVIA,Santa Cruz,0,,0,2026-06-14,https://allowances.state.gov/Web920/
BOTSWANA,BOTSWANA,Gaborone,20,,0,2026-06-14,https://allowances.state.gov/Web920/
BOTSWANA,BOTSWANA,Other,20,,0,2026-06-14,https://allowances.state.gov/Web920/
BOTSWANA,BOTSWANA,Selebi Phikwe,10,,0,2026-06-14,https://allowances.state.gov/Web920/
BRAZIL,BR,Belo Horizonte,10,,0,2026-06-14,https://allowances.state.gov/Web920/
BRAZIL,BR,Brasilia,10,,0,2026-06-14,https://allowances.state.gov/Web920/
BRAZIL,BR,Campinas,0,,0,2026-06-14,https://allowances.state.gov/Web920/
BRAZIL,BR,Fortaleza,0,,0,2026-06-14,https://allowances.state.gov/Web920/
BRAZIL,BR,Maranhao Mato Grosso & Do Sul,10,,0,2026-06-14,https://allowances.state.gov/Web920/
BRAZIL,BR,Other,10,,0,2026-06-14,https://allowances.state.gov/Web920/
BRAZIL,BR,Porto Alegre,10,,0,2026-06-14,https://allowances.state.gov/Web920/
BRAZIL,BR,"Recife, Pernambuco",20,,0,2026-06-14,https://allowances.state.gov/Web920/
BRAZIL,BR,Rio de Janeiro,10,,5,2026-06-14,https://allowances.state.gov/Web920/
BRAZIL,BR,Sao Paulo,10,,5,2026-06-14,https://allowances.state.gov/Web920/
BRUNEI,BRUNEI,Bandar Seri Begawan,15,,0,2026-06-14,https://allowances.state.gov/Web920/
BRUNEI,BRUNEI,Other,15,,0,2026-06-14,https://allowances.state.gov/Web920/
BULGARIA,BG,Other,5,,25,2026-06-14,https://allowances.state.gov/Web920/
BULGARIA,BG,Sofia,5,,25,2026-06-14,https://allowances.state.gov/Web920/
BURKINA FASO,BURKINA FASO,Other,25,,50,2026-06-14,https://allowances.state.gov/Web920/
BURKINA FASO,BURKINA FASO,Ouagadougou,25,,50,2026-06-14,https://allowances.state.gov/Web920/
BURMA,BURMA,Other,20,25,25,2026-06-14,https://allowances.state.gov/Web920/
BURMA,BURMA,Rangoon,20,25,25,2026-06-14,https://allowances.state.gov/Web920/
BURUNDI,BURUNDI,Bujumbura,35,,42,2026-06-14,https://allowances.state.gov/Web920/
BURUNDI,BURUNDI,Other,35,,42,2026-06-14,https://allowances.state.gov/Web920/
"Bahamas, The","Bahamas, The",Andros Island,5,,0,2026-06-14,https://allowances.state.gov/Web920/
"Bahamas, The","Bahamas, The",Grand Bahama Island,5,,42,2026-06-14,https://allowances.state.gov/Web920/
"Bahamas, The","Bahamas, The",Nassau,5,,42,2026-06-14,https://allowances.state.gov/Web920/
"Bahamas, The","Bahamas, The",Other,5,,0,2026-06-14,https://allowances.state.gov/Web920/
"Bonaire, Sint Eustatius, and Saba","Bonaire, Sint Eustatius, and Saba","Bonaire, Sint Eustatius, and Saba",0,,10,2026-06-14,https://allowances.state.gov/Web920/
Bosnia and Herzegovina,Bosnia and Herzegovina,Banja Luka,25,,0,2026-06-14,https://allowances.state.gov/Web920/
Bosnia and Herzegovina,Bosnia and Herzegovina,Other,15,,0,2026-06-14,https://allowances.state.gov/Web920/
Bosnia and Herzegovina,Bosnia and Herzegovina,Sarajevo,15,,0,2026-06-14,https://allowances.state.gov/Web920/
CABO VERDE,CABO VERDE,Other,30,,5,2026-06-14,https://allowances.state.gov/Web920/
CABO VERDE,CABO VERDE,Praia,30,,5,2026-06-14,https://allowances.state.gov/Web920/
CAMBODIA,KH,Other,20,,15,2026-06-14,https://allowances.state.gov/Web920/
CAMBODIA,KH,Phnom Penh,20,,15,2026-06-14,https://allowances.state.gov/Web920/
CAMEROON,CAMEROON,Douala,25,,50,2026-06-14,https://allowances.state.gov/Web920/
CAMEROON,CAMEROON,Other,25,,50,2026-06-14,https://allowances.state.gov/Web920/
CAMEROON,CAMEROON,Yaounde,25,,50,2026-06-14,https://allowances.state.gov/Web920/
CANADA,CA,Amherstburg,0,,20,2026-06-14,https://allowances.state.gov/Web920/
CANADA,CA,Argentia,0,,15,2026-06-14,https://allowances.state.gov/Web920/
CANADA,CA,Calgary,0,,15,2026-06-14,https://allowances.state.gov/Web920/
CANADA,CA,Dartmouth,0,,15,2026-06-14,https://allowances.state.gov/Web920/
CANADA,CA,Edmonton,0,,10,2026-06-14,https://allowances.state.gov/Web920/
CANADA,CA,Halifax,0,,15,2026-06-14,https://allowances.state.gov/Web920/
CANADA,CA,Kingston,0,,0,2026-06-14,https://allowances.state.gov/Web920/
CANADA,CA,Kingsville,0,,10,2026-06-14,https://allowances.state.gov/Web920/
CANADA,CA,"London, Ontario",0,,20,2026-06-14,https://allowances.state.gov/Web920/
CANADA,CA,Montreal,0,,20,2026-06-14,https://allowances.state.gov/Web920/
CANADA,CA,Nanoose Bay,0,,25,2026-06-14,https://allowances.state.gov/Web920/
CANADA,CA,North Bay Canadian Forces Base,0,,20,2026-06-14,https://allowances.state.gov/Web920/
CANADA,CA,Other,0,,20,2026-06-14,https://allowances.state.gov/Web920/
CANADA,CA,Ottawa,0,,20,2026-06-14,https://allowances.state.gov/Web920/
CANADA,CA,Prince Rupert,0,,10,2026-06-14,https://allowances.state.gov/Web920/
CANADA,CA,Quebec,0,,20,2026-06-14,https://allowances.state.gov/Web920/
CANADA,CA,Toronto,0,,25,2026-06-14,https://allowances.state.gov/Web920/
CANADA,CA,Vancouver,0,,25,2026-06-14,https://allowances.state.gov/Web920/
CANADA,CA,Victoria,0,,25,2026-06-14,https://allowances.state.gov/Web920/
CANADA,CA,Windsor,0,,0,2026-06-14,https://allowances.state.gov/Web920/
CANADA,CA,Winnipeg,0,,15,2026-06-14,https://allowances.state.gov/Web920/
CENTRAL AFRICAN REPUBLIC,CENTRAL AFRICAN REPUBLIC,Bangui,35,35,120,2026-06-14,https://allowances.state.gov/Web920/
CENTRAL AFRICAN REPUBLIC,CENTRAL AFRICAN REPUBLIC,Other,35,35,120,2026-06-14,https://allowances.state.gov/Web920/
CHAD,CHAD,Ndjamena,35,,60,2026-06-14,https://allowances.state.gov/Web920/
CHAD,CHAD,Other,35,,60,2026-06-14,https://allowances.state.gov/Web920/
CHAGOS ARCHIPELAGO,CHAGOS ARCHIPELAGO,Diego Garcia,10,,0,2026-06-14,https://allowances.state.gov/Web920/
CHILE,CL,Other,5,,15,2026-06-14,https://allowances.state.gov/Web920/
CHILE,CL,Santiago,5,,15,2026-06-14,https://allowances.state.gov/Web920/
CHINA,CN,Beijing,20,,35,2026-06-14,https://allowances.state.gov/Web920/
CHINA,CN,Chengdu,20,,15,2026-06-14,https://allowances.state.gov/Web920/
CHINA,CN,Guangzhou,20,,30,2026-06-14,https://allowances.state.gov/Web920/
CHINA,CN,Kunming,0,,0,2026-06-14,https://allowances.state.gov/Web920/
CHINA,CN,Nanjing,25,,0,2026-06-14,https://allowances.state.gov/Web920/
CHINA,CN,Other,25,,20,2026-06-14,https://allowances.state.gov/Web920/
CHINA,CN,Shanghai,15,,42,2026-06-14,https://allowances.state.gov/Web920/
CHINA,CN,Shenyang,25,,30,2026-06-14,https://allowances.state.gov/Web920/
CHINA,CN,Wuhan,25,,20,2026-06-14,https://allowances.state.gov/Web920/
COLOMBIA,CO,Barranquilla,15,,10,2026-06-14,https://allowances.state.gov/Web920/
COLOMBIA,CO,Bogota,15,,10,2026-06-14,https://allowances.state.gov/Web920/
COLOMBIA,CO,Cartagena,15,,10,2026-06-14,https://allowances.state.gov/Web920/
COLOMBIA,CO,Other,15,,10,2026-06-14,https://allowances.state.gov/Web920/
COMOROS,COMOROS,Moroni,0,,0,2026-06-14,https://allowances.state.gov/Web920/
COSTA RICA,CR,Other,5,,30,2026-06-14,https://allowances.state.gov/Web920/
COSTA RICA,CR,San Jose,0,,30,2026-06-14,https://allowances.state.gov/Web920/
COTE D'IVOIRE,COTE D'IVOIRE,Abidjan,25,,60,2026-06-14,https://allowances.state.gov/Web920/
COTE D'IVOIRE,COTE D'IVOIRE,Other,30,,60,2026-06-14,https://allowances.state.gov/Web920/
CROATIA,HR,Other,0,,25,2026-06-14,https://allowances.state.gov/Web920/
CROATIA,HR,Zagreb,0,,25,2026-06-14,https://allowances.state.gov/Web920/
CUBA,CUBA,Guantanamo Bay,10,,0,2026-06-14,https://allowances.state.gov/Web920/
CUBA,CUBA,Havana,35,,70,2026-06-14,https://allowances.state.gov/Web920/
CUBA,CUBA,Other,10,,0,2026-06-14,https://allowances.state.gov/Web920/
CYPRUS,CY,Nicosia,0,,15,2026-06-14,https://allowances.state.gov/Web920/
CYPRUS,CY,Other,0,,15,2026-06-14,https://allowances.state.gov/Web920/
Curacao,Curacao,Curacao,5,,15,2026-06-14,https://allowances.state.gov/Web920/
Czechia,CZ,Other,0,,35,2026-06-14,https://allowances.state.gov/Web920/
Czechia,CZ,Prague,0,,35,2026-06-14,https://allowances.state.gov/Web920/
DEM. PEOPLE'S REPUBLIC OF KOREA,DEM. PEOPLE'S REPUBLIC OF KOREA,Other,0,35,0,2026-06-14,https://allowances.state.gov/Web920/
DEM. PEOPLE'S REPUBLIC OF KOREA,DEM. PEOPLE'S REPUBLIC OF KOREA,Pyongyang,0,35,0,2026-06-14,https://allowances.state.gov/Web920/
DEMOCRATIC REPUBLIC OF THE CONGO,DEMOCRATIC REPUBLIC OF THE CONGO,Kinshasa,30,25,100,2026-06-14,https://allowances.state.gov/Web920/
DEMOCRATIC REPUBLIC OF THE CONGO,DEMOCRATIC REPUBLIC OF THE CONGO,Other,30,,90,2026-06-14,https://allowances.state.gov/Web920/
DENMARK,DK,Copenhagen,0,,60,2026-06-14,https://allowances.state.gov/Web920/
DENMARK,DK,Other,0,,60,2026-06-14,https://allowances.state.gov/Web920/
DJIBOUTI,DJ,Djibouti City,30,,50,2026-06-14,https://allowances.state.gov/Web920/
DJIBOUTI,DJ,Other,30,,50,2026-06-14,https://allowances.state.gov/Web920/
DOMINICAN REPUBLIC,DO,Other,15,,0,2026-06-14,https://allowances.state.gov/Web920/
DOMINICAN REPUBLIC,DO,Santo Domingo,15,,0,2026-06-14,https://allowances.state.gov/Web920/
Dutch Caribbean,Dutch Caribbean,Other,0,,10,2026-06-14,https://allowances.state.gov/Web920/
ECUADOR,EC,Guayaquil,20,,5,2026-06-14,https://allowances.state.gov/Web920/
ECUADOR,EC,Other,15,,15,2026-06-14,https://allowances.state.gov/Web920/
ECUADOR,EC,Quito,15,,15,2026-06-14,https://allowances.state.gov/Web920/
EGYPT,EG,Alexandria,20,,0,2026-06-14,https://allowances.state.gov/Web920/
EGYPT,EG,Cairo,25,,0,2026-06-14,https://allowances.state.gov/Web920/
EGYPT,EG,Other,20,,0,2026-06-14,https://allowances.state.gov/Web920/
EL SALVADOR,SV,Other,15,,0,2026-06-14,https://allowances.state.gov/Web920/
EL SALVADOR,SV,San Salvador,15,,0,2026-06-14,https://allowances.state.gov/Web920/
EQUATORIAL GUINEA,EQUATORIAL GUINEA,Malabo,30,,60,2026-06-14,https://allowances.state.gov/Web920/
EQUATORIAL GUINEA,EQUATORIAL GUINEA,Other,30,,60,2026-06-14,https://allowances.state.gov/Web920/
ERITREA,ERITREA,Asmara,35,,130,2026-06-14,https://allowances.state.gov/Web920/
ERITREA,ERITREA,Other,35,,130,2026-06-14,https://allowances.state.gov/Web920/
ESTONIA,EE,Other,5,,25,2026-06-14,https://allowances.state.gov/Web920/
ESTONIA,EE,Tallinn,5,,25,2026-06-14,https://allowances.state.gov/Web920/
ESWATINI,ESWATINI,Mbabane,15,,0,2026-06-14,https://allowances.state.gov/Web920/
ESWATINI,ESWATINI,Other,15,,0,2026-06-14,https://allowances.state.gov/Web920/
ETHIOPIA,ET,Addis Ababa,30,,0,2026-06-14,https://allowances.state.gov/Web920/
ETHIOPIA,ET,Other,35,,0,2026-06-14,https://allowances.state.gov/Web920/
FIJI,FIJI,Other,25,,10,2026-06-14,https://allowances.state.gov/Web920/
FIJI,FIJI,Suva,25,,10,2026-06-14,https://allowances.state.gov/Web920/
FINLAND,FI,Helsinki,0,,50,2026-06-14,https://allowances.state.gov/Web920/
FINLAND,FI,Other,0,,42,2026-06-14,https://allowances.state.gov/Web920/
FRANCE,FR,Belleau,0,,42,2026-06-14,https://allowances.state.gov/Web920/
FRANCE,FR,Bony,0,,42,2026-06-14,https://allowances.state.gov/Web920/
FRANCE,FR,Draguignan,0,,42,2026-06-14,https://allowances.state.gov/Web920/
FRANCE,FR,Epinal,0,,42,2026-06-14,https://allowances.state.gov/Web920/
FRANCE,FR,Fere en Tardenois,0,,42,2026-06-14,https://allowances.state.gov/Web920/
FRANCE,FR,Fontainebleau,0,,50,2026-06-14,https://allowances.state.gov/Web920/
FRANCE,FR,Garches,0,,50,2026-06-14,https://allowances.state.gov/Web920/
FRANCE,FR,Le Havre,0,,42,2026-06-14,https://allowances.state.gov/Web920/
FRANCE,FR,Lyon,0,,42,2026-06-14,https://allowances.state.gov/Web920/
FRANCE,FR,Marseille,0,,42,2026-06-14,https://allowances.state.gov/Web920/
FRANCE,FR,Montpellier,0,,42,2026-06-14,https://allowances.state.gov/Web920/
FRANCE,FR,Other,0,,42,2026-06-14,https://allowances.state.gov/Web920/
FRANCE,FR,Paris,0,,50,2026-06-14,https://allowances.state.gov/Web920/
FRANCE,FR,Romagne-sous-Montfaucon,0,,42,2026-06-14,https://allowances.state.gov/Web920/
FRANCE,FR,Sevres,0,,50,2026-06-14,https://allowances.state.gov/Web920/
FRANCE,FR,St. Avold,0,,42,2026-06-14,https://allowances.state.gov/Web920/
FRANCE,FR,St. James,0,,42,2026-06-14,https://allowances.state.gov/Web920/
FRANCE,FR,St. Laurent,0,,42,2026-06-14,https://allowances.state.gov/Web920/
FRANCE,FR,St. Mihiel,0,,42,2026-06-14,https://allowances.state.gov/Web920/
FRANCE,FR,Strasbourg,0,,50,2026-06-14,https://allowances.state.gov/Web920/
FRANCE,FR,Suresnes,0,,50,2026-06-14,https://allowances.state.gov/Web920/
FRANCE,FR,Versailles,0,,50,2026-06-14,https://allowances.state.gov/Web920/
GABON,GABON,Libreville,20,,70,2026-06-14,https://allowances.state.gov/Web920/
GABON,GABON,Other,25,,70,2026-06-14,https://allowances.state.gov/Web920/
GEORGIA,GE,Other,15,,5,2026-06-14,https://allowances.state.gov/Web920/
GEORGIA,GE,Tbilisi,15,,5,2026-06-14,https://allowances.state.gov/Web920/
GERMANY,DE,Augsburg,0,,42,2026-06-14,https://allowances.state.gov/Web920/
GERMANY,DE,Babenhausen,0,,42,2026-06-14,https://allowances.state.gov/Web920/
GERMANY,DE,Bad Aibling,0,,42,2026-06-14,https://allowances.state.gov/Web920/
GERMANY,DE,Bad Kreuznach,0,,42,2026-06-14,https://allowances.state.gov/Web920/
GERMANY,DE,Bad Nauheim,0,,42,2026-06-14,https://allowances.state.gov/Web920/
GERMANY,DE,Baumholder,0,,42,2026-06-14,https://allowances.state.gov/Web920/
GERMANY,DE,Berchtesgaden,0,,42,2026-06-14,https://allowances.state.gov/Web920/
GERMANY,DE,Berlin,0,,42,2026-06-14,https://allowances.state.gov/Web920/
GERMANY,DE,Birkenfeld,0,,42,2026-06-14,https://allowances.state.gov/Web920/
GERMANY,DE,Boeblingen,0,,42,2026-06-14,https://allowances.state.gov/Web920/
GERMANY,DE,Bonn,0,,35,2026-06-14,https://allowances.state.gov/Web920/
GERMANY,DE,Bremen,0,,42,2026-06-14,https://allowances.state.gov/Web920/
GERMANY,DE,Bremerhaven,0,,42,2026-06-14,https://allowances.state.gov/Web920/
GERMANY,DE,Butzbach,0,,42,2026-06-14,https://allowances.state.gov/Web920/
GERMANY,DE,Cologne,0,,42,2026-06-14,https://allowances.state.gov/Web920/
GERMANY,DE,Darmstadt,0,,42,2026-06-14,https://allowances.state.gov/Web920/
GERMANY,DE,Delmenhorst,0,,42,2026-06-14,https://allowances.state.gov/Web920/
GERMANY,DE,Duesseldorf,0,,42,2026-06-14,https://allowances.state.gov/Web920/
GERMANY,DE,Dulmen,0,,42,2026-06-14,https://allowances.state.gov/Web920/
GERMANY,DE,Erlangen,0,,42,2026-06-14,https://allowances.state.gov/Web920/
GERMANY,DE,Flensburg,0,,42,2026-06-14,https://allowances.state.gov/Web920/
GERMANY,DE,Frankfurt am Main,0,,42,2026-06-14,https://allowances.state.gov/Web920/
GERMANY,DE,Friedberg,0,,42,2026-06-14,https://allowances.state.gov/Web920/
GERMANY,DE,Fuerth,0,,42,2026-06-14,https://allowances.state.gov/Web920/
GERMANY,DE,Garlstedt,0,,42,2026-06-14,https://allowances.state.gov/Web920/
GERMANY,DE,Garmisch-Partenkirchen,0,,42,2026-06-14,https://allowances.state.gov/Web920/
GERMANY,DE,Geilenkirchen,0,,42,2026-06-14,https://allowances.state.gov/Web920/
GERMANY,DE,Gelnhausen,0,,42,2026-06-14,https://allowances.state.gov/Web920/
GERMANY,DE,Germersheim,0,,42,2026-06-14,https://allowances.state.gov/Web920/
GERMANY,DE,Giebelstadt,0,,42,2026-06-14,https://allowances.state.gov/Web920/
GERMANY,DE,Grafenwoehr,0,,42,2026-06-14,https://allowances.state.gov/Web920/
GERMANY,DE,Grefrath,0,,42,2026-06-14,https://allowances.state.gov/Web920/
GERMANY,DE,Greven,0,,42,2026-06-14,https://allowances.state.gov/Web920/
GERMANY,DE,Hamburg,0,,42,2026-06-14,https://allowances.state.gov/Web920/
GERMANY,DE,Hanau,0,,42,2026-06-14,https://allowances.state.gov/Web920/
GERMANY,DE,Handorf,0,,42,2026-06-14,https://allowances.state.gov/Web920/
GERMANY,DE,Hannover,0,,42,2026-06-14,https://allowances.state.gov/Web920/
GERMANY,DE,Heidelberg,0,,42,2026-06-14,https://allowances.state.gov/Web920/
GERMANY,DE,Heilbronn,0,,42,2026-06-14,https://allowances.state.gov/Web920/
GERMANY,DE,Herongen,0,,42,2026-06-14,https://allowances.state.gov/Web920/
GERMANY,DE,Idar-Oberstein,0,,42,2026-06-14,https://allowances.state.gov/Web920/
GERMANY,DE,Ingolstadt,0,,42,2026-06-14,https://allowances.state.gov/Web920/
GERMANY,DE,"Kaiserslautern, Landkreis",0,,42,2026-06-14,https://allowances.state.gov/Web920/
GERMANY,DE,Kalkar,0,,42,2026-06-14,https://allowances.state.gov/Web920/
GERMANY,DE,Karlsruhe,0,,42,2026-06-14,https://allowances.state.gov/Web920/
GERMANY,DE,Kerpen,0,,50,2026-06-14,https://allowances.state.gov/Web920/
GERMANY,DE,Kitzingen,0,,42,2026-06-14,https://allowances.state.gov/Web920/
GERMANY,DE,Koblenz,0,,42,2026-06-14,https://allowances.state.gov/Web920/
GERMANY,DE,Leimen,0,,42,2026-06-14,https://allowances.state.gov/Web920/
GERMANY,DE,Leipzig,0,,42,2026-06-14,https://allowances.state.gov/Web920/
GERMANY,DE,Ludwigsburg,0,,42,2026-06-14,https://allowances.state.gov/Web920/
GERMANY,DE,Mainz,0,,42,2026-06-14,https://allowances.state.gov/Web920/
GERMANY,DE,Mannheim,0,,42,2026-06-14,https://allowances.state.gov/Web920/
GERMANY,DE,Mayen,0,,42,2026-06-14,https://allowances.state.gov/Web920/
GERMANY,DE,Moenchen-Gladbach,0,,42,2026-06-14,https://allowances.state.gov/Web920/
GERMANY,DE,Muenster,0,,35,2026-06-14,https://allowances.state.gov/Web920/
GERMANY,DE,Munich,0,,42,2026-06-14,https://allowances.state.gov/Web920/
GERMANY,DE,Nellingen,0,,42,2026-06-14,https://allowances.state.gov/Web920/
GERMANY,DE,Neubruecke,0,,42,2026-06-14,https://allowances.state.gov/Web920/
GERMANY,DE,Nuernberg,0,,42,2026-06-14,https://allowances.state.gov/Web920/
GERMANY,DE,Ober Ramstadt,0,,42,2026-06-14,https://allowances.state.gov/Web920/
GERMANY,DE,Oberammergau,0,,42,2026-06-14,https://allowances.state.gov/Web920/
GERMANY,DE,Osterholz-Scharmbeck,0,,42,2026-06-14,https://allowances.state.gov/Web920/
GERMANY,DE,Other,0,,42,2026-06-14,https://allowances.state.gov/Web920/
GERMANY,DE,Pfullendorf,0,,42,2026-06-14,https://allowances.state.gov/Web920/
GERMANY,DE,Pirmasens,0,,42,2026-06-14,https://allowances.state.gov/Web920/
GERMANY,DE,Rheinau,0,,42,2026-06-14,https://allowances.state.gov/Web920/
GERMANY,DE,Rheinberg,0,,35,2026-06-14,https://allowances.state.gov/Web920/
GERMANY,DE,Schwabach,0,,42,2026-06-14,https://allowances.state.gov/Web920/
GERMANY,DE,Schwetzingen,0,,42,2026-06-14,https://allowances.state.gov/Web920/
GERMANY,DE,Seckenheim,0,,42,2026-06-14,https://allowances.state.gov/Web920/
GERMANY,DE,Sembach,0,,42,2026-06-14,https://allowances.state.gov/Web920/
GERMANY,DE,Stuttgart,0,,42,2026-06-14,https://allowances.state.gov/Web920/
GERMANY,DE,Twisteden,0,,35,2026-06-14,https://allowances.state.gov/Web920/
GERMANY,DE,Vilseck,0,,42,2026-06-14,https://allowances.state.gov/Web920/
GERMANY,DE,Wahn,0,,35,2026-06-14,https://allowances.state.gov/Web920/
GERMANY,DE,Wertheim,0,,42,2026-06-14,https://allowances.state.gov/Web920/
GERMANY,DE,Wiesbaden,0,,42,2026-06-14,https://allowances.state.gov/Web920/
GERMANY,DE,Worms,0,,42,2026-06-14,https://allowances.state.gov/Web920/
GERMANY,DE,Wuerzburg,0,,42,2026-06-14,https://allowances.state.gov/Web920/
GERMANY,DE,Zirndorf,0,,42,2026-06-14,https://allowances.state.gov/Web920/
GERMANY,DE,Zweibrucken,0,,42,2026-06-14,https://allowances.state.gov/Web920/
GHANA,GH,Accra,30,,60,2026-06-14,https://allowances.state.gov/Web920/
GHANA,GH,Other,30,,60,2026-06-14,https://allowances.state.gov/Web920/
GREECE,GR,Argyroupolis,0,,30,2026-06-14,https://allowances.state.gov/Web920/
GREECE,GR,Athens,0,,30,2026-06-14,https://allowances.state.gov/Web920/
GREECE,GR,Elefsis,0,,30,2026-06-14,https://allowances.state.gov/Web920/
GREECE,GR,Ellinikon,0,,30,2026-06-14,https://allowances.state.gov/Web920/
GREECE,GR,Iraklion (Crete),0,,30,2026-06-14,https://allowances.state.gov/Web920/
GREECE,GR,Mt. Hortiatis,0,,30,2026-06-14,https://allowances.state.gov/Web920/
GREECE,GR,Mt. Parnis,0,,30,2026-06-14,https://allowances.state.gov/Web920/
GREECE,GR,Mt. Pateras,0,,30,2026-06-14,https://allowances.state.gov/Web920/
GREECE,GR,Nea Makri,0,,30,2026-06-14,https://allowances.state.gov/Web920/
GREECE,GR,Other,0,,25,2026-06-14,https://allowances.state.gov/Web920/
GREECE,GR,Perivolaki,0,,30,2026-06-14,https://allowances.state.gov/Web920/
GREECE,GR,Piraeus,0,,30,2026-06-14,https://allowances.state.gov/Web920/
GREECE,GR,Souda Bay (Crete),0,,30,2026-06-14,https://allowances.state.gov/Web920/
GREECE,GR,Tanagra,0,,30,2026-06-14,https://allowances.state.gov/Web920/
GREECE,GR,Thessaloniki,0,,30,2026-06-14,https://allowances.state.gov/Web920/
GREENLAND,GREENLAND,Nuuk,25,,70,2026-06-14,https://allowances.state.gov/Web920/
GREENLAND,GREENLAND,Other,25,,0,2026-06-14,https://allowances.state.gov/Web920/
GRENADA,GRENADA,Grenada,10,,25,2026-06-14,https://allowances.state.gov/Web920/
GRENADA,GRENADA,St. George's,10,,25,2026-06-14,https://allowances.state.gov/Web920/
GUATEMALA,GT,Guatemala City,15,,20,2026-06-14,https://allowances.state.gov/Web920/
GUATEMALA,GT,Other,20,,20,2026-06-14,https://allowances.state.gov/Web920/
GUINEA,GUINEA,Conakry,35,,80,2026-06-14,https://allowances.state.gov/Web920/
GUINEA,GUINEA,Other,35,,80,2026-06-14,https://allowances.state.gov/Web920/
GUINEA-BISSAU,GUINEA-BISSAU,Bissau,0,,0,2026-06-14,https://allowances.state.gov/Web920/
GUINEA-BISSAU,GUINEA-BISSAU,Other,25,,0,2026-06-14,https://allowances.state.gov/Web920/
GUYANA,GUYANA,Georgetown,25,,15,2026-06-14,https://allowances.state.gov/Web920/
GUYANA,GUYANA,Other,25,,15,2026-06-14,https://allowances.state.gov/Web920/
"Gambia, The","Gambia, The",Banjul,25,,0,2026-06-14,https://allowances.state.gov/Web920/
"Gambia, The","Gambia, The",Other,25,,0,2026-06-14,https://allowances.state.gov/Web920/
HAITI,HAITI,Other,35,35,70,2026-06-14,https://allowances.state.gov/Web920/
HAITI,HAITI,Petionville,35,35,70,2026-06-14,https://allowances.state.gov/Web920/
HAITI,HAITI,Port-au-Prince,35,35,70,2026-06-14,https://allowances.state.gov/Web920/
HOLY SEE,HOLY SEE,Holy See,0,,30,2026-06-14,https://allowances.state.gov/Web920/
HONDURAS,HN,Other,20,,0,2026-06-14,https://allowances.state.gov/Web920/
HONDURAS,HN,San Pedro Sula,20,,0,2026-06-14,https://allowances.state.gov/Web920/
HONDURAS,HN,Tegucigalpa,20,,0,2026-06-14,https://allowances.state.gov/Web920/
HONG KONG,HONG KONG,Hong Kong,5,,90,2026-06-14,https://allowances.state.gov/Web920/
HUNGARY,HU,Budapest,0,,20,2026-06-14,https://allowances.state.gov/Web920/
HUNGARY,HU,Other,5,,20,2026-06-14,https://allowances.state.gov/Web920/
HUNGARY,HU,Papa,5,,15,2026-06-14,https://allowances.state.gov/Web920/
ICELAND,IS,Other,10,,90,2026-06-14,https://allowances.state.gov/Web920/
ICELAND,IS,Reykjavik,10,,90,2026-06-14,https://allowances.state.gov/Web920/
INDIA,IN,Chennai,25,,0,2026-06-14,https://allowances.state.gov/Web920/
INDIA,IN,Hyderabad,25,,0,2026-06-14,https://allowances.state.gov/Web920/
INDIA,IN,Kolkata,30,,0,2026-06-14,https://allowances.state.gov/Web920/
INDIA,IN,Mumbai,25,,0,2026-06-14,https://allowances.state.gov/Web920/
INDIA,IN,New Delhi,25,,0,2026-06-14,https://allowances.state.gov/Web920/
INDIA,IN,Other,30,,0,2026-06-14,https://allowances.state.gov/Web920/
INDONESIA,ID,Bandung,30,,0,2026-06-14,https://allowances.state.gov/Web920/
INDONESIA,ID,Jakarta,25,,0,2026-06-14,https://allowances.state.gov/Web920/
INDONESIA,ID,Medan,30,,0,2026-06-14,https://allowances.state.gov/Web920/
INDONESIA,ID,Other,30,,0,2026-06-14,https://allowances.state.gov/Web920/
INDONESIA,ID,Surabaya,25,,0,2026-06-14,https://allowances.state.gov/Web920/
IRAQ,IQ,Baghdad,30,35,0,2026-06-14,https://allowances.state.gov/Web920/
IRAQ,IQ,Baghdad Diplomatic Support Center,35,35,0,2026-06-14,https://allowances.state.gov/Web920/
IRAQ,IQ,Basrah,35,35,0,2026-06-14,https://allowances.state.gov/Web920/
IRAQ,IQ,Erbil,30,35,0,2026-06-14,https://allowances.state.gov/Web920/
IRAQ,IQ,Erbil Diplomatic Support Center (EDSC),30,35,0,2026-06-14,https://allowances.state.gov/Web920/
IRAQ,IQ,Other,35,35,0,2026-06-14,https://allowances.state.gov/Web920/
IRELAND,IE,Dublin,0,,42,2026-06-14,https://allowances.state.gov/Web920/
IRELAND,IE,Limerick,0,,35,2026-06-14,https://allowances.state.gov/Web920/
IRELAND,IE,Other,0,,35,2026-06-14,https://allowances.state.gov/Web920/
IRELAND,IE,Shannon Area,0,,35,2026-06-14,https://allowances.state.gov/Web920/
ISRAEL,IL,Beer Sheva,10,15,90,2026-06-14,https://allowances.state.gov/Web920/
ISRAEL,IL,Gaza,0,,0,2026-06-14,https://allowances.state.gov/Web920/
ISRAEL,IL,Jerusalem,15,15,90,2026-06-14,https://allowances.state.gov/Web920/
ISRAEL,IL,Karmi'el,10,15,90,2026-06-14,https://allowances.state.gov/Web920/
ISRAEL,IL,Other,10,,90,2026-06-14,https://allowances.state.gov/Web920/
ISRAEL,IL,Tel Aviv,10,15,90,2026-06-14,https://allowances.state.gov/Web920/
ISRAEL,IL,West Bank,15,,90,2026-06-14,https://allowances.state.gov/Web920/
ITALY,IT,Avellino,0,,25,2026-06-14,https://allowances.state.gov/Web920/
ITALY,IT,Aviano,0,,25,2026-06-14,https://allowances.state.gov/Web920/
ITALY,IT,Brindisi,0,,25,2026-06-14,https://allowances.state.gov/Web920/
ITALY,IT,Catania,0,,20,2026-06-14,https://allowances.state.gov/Web920/
ITALY,IT,Florence,0,,30,2026-06-14,https://allowances.state.gov/Web920/
ITALY,IT,Gaeta,0,,25,2026-06-14,https://allowances.state.gov/Web920/
ITALY,IT,Genoa,0,,30,2026-06-14,https://allowances.state.gov/Web920/
ITALY,IT,Ghedi,0,,25,2026-06-14,https://allowances.state.gov/Web920/
ITALY,IT,Gioia Tauro,0,,25,2026-06-14,https://allowances.state.gov/Web920/
ITALY,IT,La Spezia,0,,25,2026-06-14,https://allowances.state.gov/Web920/
ITALY,IT,Leghorn,0,,25,2026-06-14,https://allowances.state.gov/Web920/
ITALY,IT,Milan,0,,35,2026-06-14,https://allowances.state.gov/Web920/
ITALY,IT,Mount Vergine,0,,30,2026-06-14,https://allowances.state.gov/Web920/
ITALY,IT,Naples,0,,25,2026-06-14,https://allowances.state.gov/Web920/
ITALY,IT,Nettuno,0,,30,2026-06-14,https://allowances.state.gov/Web920/
ITALY,IT,Other,0,,25,2026-06-14,https://allowances.state.gov/Web920/
ITALY,IT,Parma,0,,25,2026-06-14,https://allowances.state.gov/Web920/
ITALY,IT,Pisa,0,,25,2026-06-14,https://allowances.state.gov/Web920/
ITALY,IT,Poggio Renatico,0,,25,2026-06-14,https://allowances.state.gov/Web920/
ITALY,IT,Rome,0,,30,2026-06-14,https://allowances.state.gov/Web920/
ITALY,IT,Sardinia,0,,25,2026-06-14,https://allowances.state.gov/Web920/
ITALY,IT,Sigonella,0,,25,2026-06-14,https://allowances.state.gov/Web920/
ITALY,IT,Taranto,0,,0,2026-06-14,https://allowances.state.gov/Web920/
ITALY,IT,Turin,0,,35,2026-06-14,https://allowances.state.gov/Web920/
ITALY,IT,Verona,0,,20,2026-06-14,https://allowances.state.gov/Web920/
ITALY,IT,Vicenza,0,,20,2026-06-14,https://allowances.state.gov/Web920/
JAMAICA,JAMAICA,Kingston,20,,15,2026-06-14,https://allowances.state.gov/Web920/
JAMAICA,JAMAICA,Other,0,,15,2026-06-14,https://allowances.state.gov/Web920/
JAPAN,JP,Akashi,0,,5,2026-06-14,https://allowances.state.gov/Web920/
JAPAN,JP,Akizuki,0,,5,2026-06-14,https://allowances.state.gov/Web920/
JAPAN,JP,Atsugi,0,,5,2026-06-14,https://allowances.state.gov/Web920/
JAPAN,JP,Camp Zama,0,,5,2026-06-14,https://allowances.state.gov/Web920/
JAPAN,JP,Chiba-Ken,0,,5,2026-06-14,https://allowances.state.gov/Web920/
JAPAN,JP,Chitose,0,,10,2026-06-14,https://allowances.state.gov/Web920/
JAPAN,JP,Fukuoka,0,,5,2026-06-14,https://allowances.state.gov/Web920/
JAPAN,JP,Fussa,0,,5,2026-06-14,https://allowances.state.gov/Web920/
JAPAN,JP,Gifu,0,,5,2026-06-14,https://allowances.state.gov/Web920/
JAPAN,JP,Gotemba,0,,0,2026-06-14,https://allowances.state.gov/Web920/
JAPAN,JP,Haneda,0,,5,2026-06-14,https://allowances.state.gov/Web920/
JAPAN,JP,Hiroshima,0,,5,2026-06-14,https://allowances.state.gov/Web920/
JAPAN,JP,Itazuke,0,,5,2026-06-14,https://allowances.state.gov/Web920/
JAPAN,JP,Iwakuni,0,,5,2026-06-14,https://allowances.state.gov/Web920/
JAPAN,JP,Kanagawa-Ken,0,,5,2026-06-14,https://allowances.state.gov/Web920/
JAPAN,JP,Komaki,0,,5,2026-06-14,https://allowances.state.gov/Web920/
JAPAN,JP,Kure Pier 6,0,,5,2026-06-14,https://allowances.state.gov/Web920/
JAPAN,JP,Kyoto,0,,5,2026-06-14,https://allowances.state.gov/Web920/
JAPAN,JP,Machida-Shi,0,,5,2026-06-14,https://allowances.state.gov/Web920/
JAPAN,JP,Misawa,0,,5,2026-06-14,https://allowances.state.gov/Web920/
JAPAN,JP,Miyazaki City,0,,5,2026-06-14,https://allowances.state.gov/Web920/
JAPAN,JP,Nagoya,0,,5,2026-06-14,https://allowances.state.gov/Web920/
JAPAN,JP,Okinawa Prefecture,0,,0,2026-06-14,https://allowances.state.gov/Web920/
JAPAN,JP,Osaka-Kobe,0,,5,2026-06-14,https://allowances.state.gov/Web920/
JAPAN,JP,Other,0,,0,2026-06-14,https://allowances.state.gov/Web920/
JAPAN,JP,Sagamihara,0,,5,2026-06-14,https://allowances.state.gov/Web920/
JAPAN,JP,Saitama-Ken,0,,5,2026-06-14,https://allowances.state.gov/Web920/
JAPAN,JP,Sapporo,0,,5,2026-06-14,https://allowances.state.gov/Web920/
JAPAN,JP,Sasebo,0,,15,2026-06-14,https://allowances.state.gov/Web920/
JAPAN,JP,Tachikawa AFB,0,,10,2026-06-14,https://allowances.state.gov/Web920/
JAPAN,JP,Tokyo City,0,,10,2026-06-14,https://allowances.state.gov/Web920/
JAPAN,JP,Tokyo-To,0,,10,2026-06-14,https://allowances.state.gov/Web920/
JAPAN,JP,Yokohama,0,,5,2026-06-14,https://allowances.state.gov/Web920/
JAPAN,JP,Yokosuka,0,,5,2026-06-14,https://allowances.state.gov/Web920/
JAPAN,JP,Yokota,0,,10,2026-06-14,https://allowances.state.gov/Web920/
JORDAN,JO,Amman,20,35,5,2026-06-14,https://allowances.state.gov/Web920/
JORDAN,JO,Other,20,,5,2026-06-14,https://allowances.state.gov/Web920/
KAZAKHSTAN,KAZAKHSTAN,Almaty,20,,0,2026-06-14,https://allowances.state.gov/Web920/
KAZAKHSTAN,KAZAKHSTAN,Astana,10,,0,2026-06-14,https://allowances.state.gov/Web920/
KAZAKHSTAN,KAZAKHSTAN,Other,10,,0,2026-06-14,https://allowances.state.gov/Web920/
KENYA,KE,Kahawa,20,,10,2026-06-14,https://allowances.state.gov/Web920/
KENYA,KE,Kiambu,20,,10,2026-06-14,https://allowances.state.gov/Web920/
KENYA,KE,Kihara,20,,10,2026-06-14,https://allowances.state.gov/Web920/
KENYA,KE,Kikuyu,20,,10,2026-06-14,https://allowances.state.gov/Web920/
KENYA,KE,Nairobi,20,,10,2026-06-14,https://allowances.state.gov/Web920/
KENYA,KE,Other,20,,10,2026-06-14,https://allowances.state.gov/Web920/
KENYA,KE,Ruiru,20,,10,2026-06-14,https://allowances.state.gov/Web920/
KENYA,KE,Thogoto,20,,10,2026-06-14,https://allowances.state.gov/Web920/
KIRIBATI,KIRIBATI,Kiribati,0,,0,2026-06-14,https://allowances.state.gov/Web920/
KOSOVO,KOSOVO,Other,25,,10,2026-06-14,https://allowances.state.gov/Web920/
KOSOVO,KOSOVO,Pristina,25,,10,2026-06-14,https://allowances.state.gov/Web920/
KUWAIT,KW,Kuwait City,15,35,5,2026-06-14,https://allowances.state.gov/Web920/
KUWAIT,KW,Other,15,35,5,2026-06-14,https://allowances.state.gov/Web920/
KYRGYZSTAN,KYRGYZSTAN,Bishkek,25,,0,2026-06-14,https://allowances.state.gov/Web920/
KYRGYZSTAN,KYRGYZSTAN,Other,25,,0,2026-06-14,https://allowances.state.gov/Web920/
"Korea, South","Korea, South",Busan,0,,5,2026-06-14,https://allowances.state.gov/Web920/
"Korea, South","Korea, South",Camp Carroll,5,,5,2026-06-14,https://allowances.state.gov/Web920/
"Korea, South","Korea, South",Changwon,0,,5,2026-06-14,https://allowances.state.gov/Web920/
"Korea, South","Korea, South",Chinhae,0,,5,2026-06-14,https://allowances.state.gov/Web920/
"Korea, South","Korea, South",Chunchon,5,,10,2026-06-14,https://allowances.state.gov/Web920/
"Korea, South","Korea, South",K-16,0,,10,2026-06-14,https://allowances.state.gov/Web920/
"Korea, South","Korea, South",Kimhae,0,,5,2026-06-14,https://allowances.state.gov/Web920/
"Korea, South","Korea, South",Kimpo Airfield,0,,10,2026-06-14,https://allowances.state.gov/Web920/
"Korea, South","Korea, South",Kunsan,5,,10,2026-06-14,https://allowances.state.gov/Web920/
"Korea, South","Korea, South",Kwangju,5,,10,2026-06-14,https://allowances.state.gov/Web920/
"Korea, South","Korea, South",Munsan,5,,10,2026-06-14,https://allowances.state.gov/Web920/
"Korea, South","Korea, South",Osan AB,0,,10,2026-06-14,https://allowances.state.gov/Web920/
"Korea, South","Korea, South",Other,5,,10,2026-06-14,https://allowances.state.gov/Web920/
"Korea, South","Korea, South",Pohang,5,,5,2026-06-14,https://allowances.state.gov/Web920/
"Korea, South","Korea, South",Pyeongtaek,0,,10,2026-06-14,https://allowances.state.gov/Web920/
"Korea, South","Korea, South",Seoul,0,,10,2026-06-14,https://allowances.state.gov/Web920/
"Korea, South","Korea, South",Suwon,0,,10,2026-06-14,https://allowances.state.gov/Web920/
"Korea, South","Korea, South",Taegu,0,,5,2026-06-14,https://allowances.state.gov/Web920/
"Korea, South","Korea, South",Tongduchon,5,,10,2026-06-14,https://allowances.state.gov/Web920/
"Korea, South","Korea, South",Uijongbu,5,,10,2026-06-14,https://allowances.state.gov/Web920/
"Korea, South","Korea, South",Waegwan,5,,5,2026-06-14,https://allowances.state.gov/Web920/
LAOS,LAOS,Other,25,,0,2026-06-14,https://allowances.state.gov/Web920/
LAOS,LAOS,Vientiane,25,,0,2026-06-14,https://allowances.state.gov/Web920/
LATVIA,LV,Other,0,,42,2026-06-14,https://allowances.state.gov/Web920/
LATVIA,LV,Riga,0,,42,2026-06-14,https://allowances.state.gov/Web920/
LEBANON,LB,Beirut,25,35,0,2026-06-14,https://allowances.state.gov/Web920/
LEBANON,LB,Other,25,,0,2026-06-14,https://allowances.state.gov/Web920/
LESOTHO,LESOTHO,Maseru,25,,0,2026-06-14,https://allowances.state.gov/Web920/
LESOTHO,LESOTHO,Other,25,,0,2026-06-14,https://allowances.state.gov/Web920/
LIBERIA,LIBERIA,Monrovia,30,,80,2026-06-14,https://allowances.state.gov/Web920/
LIBERIA,LIBERIA,Other,30,,80,2026-06-14,https://allowances.state.gov/Web920/
LIBYA,LIBYA,Other,35,35,0,2026-06-14,https://allowances.state.gov/Web920/
LIBYA,LIBYA,Tripoli,35,35,0,2026-06-14,https://allowances.state.gov/Web920/
LITHUANIA,LT,Other,5,,25,2026-06-14,https://allowances.state.gov/Web920/
LITHUANIA,LT,Vilnius,5,,25,2026-06-14,https://allowances.state.gov/Web920/
LUXEMBOURG,LU,Luxembourg,0,,50,2026-06-14,https://allowances.state.gov/Web920/
MADAGASCAR,MADAGASCAR,Antananarivo,25,,20,2026-06-14,https://allowances.state.gov/Web920/
MADAGASCAR,MADAGASCAR,Other,25,,20,2026-06-14,https://allowances.state.gov/Web920/
MALAWI,MALAWI,Lilongwe,25,,42,2026-06-14,https://allowances.state.gov/Web920/
MALAWI,MALAWI,Other,25,,42,2026-06-14,https://allowances.state.gov/Web920/
MALAYSIA,MY,Kuala Lumpur,10,,0,2026-06-14,https://allowances.state.gov/Web920/
MALAYSIA,MY,Other,10,,0,2026-06-14,https://allowances.state.gov/Web920/
MALDIVES,MALDIVES,Male,20,,30,2026-06-14,https://allowances.state.gov/Web920/
MALI,MALI,Bamako,30,25,42,2026-06-14,https://allowances.state.gov/Web920/
MALI,MALI,Other,30,,42,2026-06-14,https://allowances.state.gov/Web920/
MALTA,MALTA,Malta,5,,25,2026-06-14,https://allowances.state.gov/Web920/
MARSHALL ISLANDS,MARSHALL ISLANDS,Kwajalein Atoll,10,,50,2026-06-14,https://allowances.state.gov/Web920/
MARSHALL ISLANDS,MARSHALL ISLANDS,Majuro,30,,50,2026-06-14,https://allowances.state.gov/Web920/
MARSHALL ISLANDS,MARSHALL ISLANDS,Other,10,,42,2026-06-14,https://allowances.state.gov/Web920/
MAURITANIA,MAURITANIA,Nouakchott,35,,5,2026-06-14,https://allowances.state.gov/Web920/
MAURITANIA,MAURITANIA,Other,30,,5,2026-06-14,https://allowances.state.gov/Web920/
MAURITIUS,MAURITIUS,Mauritius,5,,0,2026-06-14,https://allowances.state.gov/Web920/
MEXICO,MX,Ciudad Juarez,20,,35,2026-06-14,https://allowances.state.gov/Web920/
MEXICO,MX,Cuernavaca,0,,30,2026-06-14,https://allowances.state.gov/Web920/
MEXICO,MX,Guadalajara,15,,35,2026-06-14,https://allowances.state.gov/Web920/
MEXICO,MX,Hermosillo,15,,30,2026-06-14,https://allowances.state.gov/Web920/
MEXICO,MX,Matamoros,25,,30,2026-06-14,https://allowances.state.gov/Web920/
MEXICO,MX,Mazatlan,15,,35,2026-06-14,https://allowances.state.gov/Web920/
MEXICO,MX,Merida,10,,35,2026-06-14,https://allowances.state.gov/Web920/
MEXICO,MX,"Mexico City, D.F.",15,,42,2026-06-14,https://allowances.state.gov/Web920/
MEXICO,MX,Monterrey,10,,42,2026-06-14,https://allowances.state.gov/Web920/
MEXICO,MX,Nogales,20,,35,2026-06-14,https://allowances.state.gov/Web920/
MEXICO,MX,Nuevo Laredo,25,,30,2026-06-14,https://allowances.state.gov/Web920/
MEXICO,MX,Other,15,,0,2026-06-14,https://allowances.state.gov/Web920/
MEXICO,MX,Tijuana,20,,35,2026-06-14,https://allowances.state.gov/Web920/
MEXICO,MX,Veracruz,0,,35,2026-06-14,https://allowances.state.gov/Web920/
MOLDOVA,MOLDOVA,Chisinau,15,,15,2026-06-14,https://allowances.state.gov/Web920/
MOLDOVA,MOLDOVA,Other,15,,15,2026-06-14,https://allowances.state.gov/Web920/
MONGOLIA,MONGOLIA,Other,20,,0,2026-06-14,https://allowances.state.gov/Web920/
MONGOLIA,MONGOLIA,Ulaanbaatar,20,,0,2026-06-14,https://allowances.state.gov/Web920/
MONTENEGRO,MONTENEGRO,Other,10,,15,2026-06-14,https://allowances.state.gov/Web920/
MONTENEGRO,MONTENEGRO,Podgorica,15,,10,2026-06-14,https://allowances.state.gov/Web920/
MOROCCO,MA,Casablanca,15,,20,2026-06-14,https://allowances.state.gov/Web920/
MOROCCO,MA,Marrakech,0,,15,2026-06-14,https://allowances.state.gov/Web920/
MOROCCO,MA,Other,0,,5,2026-06-14,https://allowances.state.gov/Web920/
MOROCCO,MA,Rabat,10,,10,2026-06-14,https://allowances.state.gov/Web920/
MOROCCO,MA,Tangier,0,,15,2026-06-14,https://allowances.state.gov/Web920/
MOZAMBIQUE,MOZAMBIQUE,Maputo,30,,15,2026-06-14,https://allowances.state.gov/Web920/
MOZAMBIQUE,MOZAMBIQUE,Other,30,,15,2026-06-14,https://allowances.state.gov/Web920/
"Micronesia, Federated States of","Micronesia, Federated States of",Chuuk,30,,0,2026-06-14,https://allowances.state.gov/Web920/
"Micronesia, Federated States of","Micronesia, Federated States of",Kosrae,30,,0,2026-06-14,https://allowances.state.gov/Web920/
"Micronesia, Federated States of","Micronesia, Federated States of",Other,30,,0,2026-06-14,https://allowances.state.gov/Web920/
"Micronesia, Federated States of","Micronesia, Federated States of",Pohnpei,30,,50,2026-06-14,https://allowances.state.gov/Web920/
"Micronesia, Federated States of","Micronesia, Federated States of",Yap,30,,0,2026-06-14,https://allowances.state.gov/Web920/
NAMIBIA,NAMIBIA,Other,10,,5,2026-06-14,https://allowances.state.gov/Web920/
NAMIBIA,NAMIBIA,Windhoek,5,,5,2026-06-14,https://allowances.state.gov/Web920/
NEPAL,NEPAL,Kathmandu,30,,0,2026-06-14,https://allowances.state.gov/Web920/
NEPAL,NEPAL,Other,30,,0,2026-06-14,https://allowances.state.gov/Web920/
NETHERLANDS,NL,Amsterdam,0,,35,2026-06-14,https://allowances.state.gov/Web920/
NETHERLANDS,NL,Brunssum,0,,35,2026-06-14,https://allowances.state.gov/Web920/
NETHERLANDS,NL,Coevorden,0,,35,2026-06-14,https://allowances.state.gov/Web920/
NETHERLANDS,NL,Heerlen,0,,35,2026-06-14,https://allowances.state.gov/Web920/
NETHERLANDS,NL,Hulsberg,0,,35,2026-06-14,https://allowances.state.gov/Web920/
NETHERLANDS,NL,Kerkrade,0,,35,2026-06-14,https://allowances.state.gov/Web920/
NETHERLANDS,NL,Landgraaf,0,,35,2026-06-14,https://allowances.state.gov/Web920/
NETHERLANDS,NL,Maastricht,0,,35,2026-06-14,https://allowances.state.gov/Web920/
NETHERLANDS,NL,Margraten,0,,35,2026-06-14,https://allowances.state.gov/Web920/
NETHERLANDS,NL,Other,0,,35,2026-06-14,https://allowances.state.gov/Web920/
NETHERLANDS,NL,Papendrecht,0,,35,2026-06-14,https://allowances.state.gov/Web920/
NETHERLANDS,NL,Rotterdam,0,,35,2026-06-14,https://allowances.state.gov/Web920/
NETHERLANDS,NL,Schiphol,0,,35,2026-06-14,https://allowances.state.gov/Web920/
NETHERLANDS,NL,The Hague,0,,35,2026-06-14,https://allowances.state.gov/Web920/
NEW ZEALAND,NZ,Auckland,0,,25,2026-06-14,https://allowances.state.gov/Web920/
NEW ZEALAND,NZ,Blenheim,0,,20,2026-06-14,https://allowances.state.gov/Web920/
NEW ZEALAND,NZ,Christchurch,0,,10,2026-06-14,https://allowances.state.gov/Web920/
NEW ZEALAND,NZ,Other,0,,20,2026-06-14,https://allowances.state.gov/Web920/
NEW ZEALAND,NZ,Wellington,0,,20,2026-06-14,https://allowances.state.gov/Web920/
NICARAGUA,NICARAGUA,Managua,25,,0,2026-06-14,https://allowances.state.gov/Web920/
NICARAGUA,NICARAGUA,Other,30,,0,2026-06-14,https://allowances.state.gov/Web920/
NIGER,NIGER,Niamey,35,,35,2026-06-14,https://allowances.state.gov/Web920/
NIGER,NIGER,Other,35,,35,2026-06-14,https://allowances.state.gov/Web920/
NIGERIA,NG,Abuja,30,,0,2026-06-14,https://allowances.state.gov/Web920/
NIGERIA,NG,Lagos,30,,0,2026-06-14,https://allowances.state.gov/Web920/
NIGERIA,NG,Other,30,,0,2026-06-14,https://allowances.state.gov/Web920/
NORTH MACEDONIA,NORTH MACEDONIA,Other,15,,0,2026-06-14,https://allowances.state.gov/Web920/
NORTH MACEDONIA,NORTH MACEDONIA,Skopje,15,,0,2026-06-14,https://allowances.state.gov/Web920/
NORWAY,NO,Oslo,0,,70,2026-06-14,https://allowances.state.gov/Web920/
NORWAY,NO,Other,0,,50,2026-06-14,https://allowances.state.gov/Web920/
NORWAY,NO,Stavanger,0,,70,2026-06-14,https://allowances.state.gov/Web920/
NORWAY,NO,Tromso,5,,70,2026-06-14,https://allowances.state.gov/Web920/
OMAN,OMAN,Muscat,10,35,5,2026-06-14,https://allowances.state.gov/Web920/
OMAN,OMAN,Other,15,35,5,2026-06-14,https://allowances.state.gov/Web920/
OMAN,OMAN,Salalah,15,35,5,2026-06-14,https://allowances.state.gov/Web920/
OTHER FOREIGN LOCALITIES,OTHER FOREIGN LOCALITIES,Other Foreign Localities,0,,0,2026-06-14,https://allowances.state.gov/Web920/
PAKISTAN,PK,Islamabad,30,25,0,2026-06-14,https://allowances.state.gov/Web920/
PAKISTAN,PK,Karachi,35,35,0,2026-06-14,https://allowances.state.gov/Web920/
PAKISTAN,PK,Lahore,35,35,0,2026-06-14,https://allowances.state.gov/Web920/
PAKISTAN,PK,Other,35,,0,2026-06-14,https://allowances.state.gov/Web920/
PAKISTAN,PK,Peshawar,35,35,0,2026-06-14,https://allowances.state.gov/Web920/
PALAU,PALAU,Koror,25,,50,2026-06-14,https://allowances.state.gov/Web920/
PALAU,PALAU,Other,25,,50,2026-06-14,https://allowances.state.gov/Web920/
PANAMA,PA,Other,5,,0,2026-06-14,https://allowances.state.gov/Web920/
PANAMA,PA,Panama City,5,,0,2026-06-14,https://allowances.state.gov/Web920/
PAPUA NEW GUINEA,PAPUA NEW GUINEA,Other,30,,20,2026-06-14,https://allowances.state.gov/Web920/
PAPUA NEW GUINEA,PAPUA NEW GUINEA,Port Moresby,35,,20,2026-06-14,https://allowances.state.gov/Web920/
PARAGUAY,PARAGUAY,Asuncion,10,,0,2026-06-14,https://allowances.state.gov/Web920/
PARAGUAY,PARAGUAY,Other,10,,0,2026-06-14,https://allowances.state.gov/Web920/
PERU,PE,Lima,15,,10,2026-06-14,https://allowances.state.gov/Web920/
PERU,PE,Other,15,,10,2026-06-14,https://allowances.state.gov/Web920/
PHILIPPINES,PH,Cavite,15,,0,2026-06-14,https://allowances.state.gov/Web920/
PHILIPPINES,PH,Davao City,0,,0,2026-06-14,https://allowances.state.gov/Web920/
PHILIPPINES,PH,Manila,15,,0,2026-06-14,https://allowances.state.gov/Web920/
PHILIPPINES,PH,Other,15,,0,2026-06-14,https://allowances.state.gov/Web920/
POLAND,PL,Bydgoszcz,0,,0,2026-06-14,https://allowances.state.gov/Web920/
POLAND,PL,Krakow,0,,5,2026-06-14,https://allowances.state.gov/Web920/
POLAND,PL,Other,0,,0,2026-06-14,https://allowances.state.gov/Web920/
POLAND,PL,Poznan,0,,0,2026-06-14,https://allowances.state.gov/Web920/
POLAND,PL,Warsaw,0,,10,2026-06-14,https://allowances.state.gov/Web920/
PORTUGAL,PT,Alverca,0,,20,2026-06-14,https://allowances.state.gov/Web920/
PORTUGAL,PT,Lajes Field,0,,20,2026-06-14,https://allowances.state.gov/Web920/
PORTUGAL,PT,Lisbon,0,,20,2026-06-14,https://allowances.state.gov/Web920/
PORTUGAL,PT,Other,0,,20,2026-06-14,https://allowances.state.gov/Web920/
PORTUGAL,PT,Ponta Delgada,10,,20,2026-06-14,https://allowances.state.gov/Web920/
QATAR,QA,Al Udeid,10,35,25,2026-06-14,https://allowances.state.gov/Web920/
QATAR,QA,Camp As Sayliyah,10,35,25,2026-06-14,https://allowances.state.gov/Web920/
QATAR,QA,Doha,10,35,25,2026-06-14,https://allowances.state.gov/Web920/
QATAR,QA,Other,15,35,25,2026-06-14,https://allowances.state.gov/Web920/
REPUBLIC OF THE CONGO,REPUBLIC OF THE CONGO,Brazzaville,30,,80,2026-06-14,https://allowances.state.gov/Web920/
REPUBLIC OF THE CONGO,REPUBLIC OF THE CONGO,Other,30,,80,2026-06-14,https://allowances.state.gov/Web920/
ROMANIA,RO,Bucharest,5,,10,2026-06-14,https://allowances.state.gov/Web920/
ROMANIA,RO,Cluj,5,,5,2026-06-14,https://allowances.state.gov/Web920/
ROMANIA,RO,Constanta-Mihail Kogalniceanu AB,5,,5,2026-06-14,https://allowances.state.gov/Web920/
ROMANIA,RO,Other,5,,5,2026-06-14,https://allowances.state.gov/Web920/
RUSSIA,RU,Moscow,35,,30,2026-06-14,https://allowances.state.gov/Web920/
RUSSIA,RU,Other,20,,30,2026-06-14,https://allowances.state.gov/Web920/
RUSSIA,RU,Saint Petersburg,20,,5,2026-06-14,https://allowances.state.gov/Web920/
RWANDA,RWANDA,Kigali,15,,0,2026-06-14,https://allowances.state.gov/Web920/
RWANDA,RWANDA,Other,15,,0,2026-06-14,https://allowances.state.gov/Web920/
SAINT KITTS AND NEVIS,SAINT KITTS AND NEVIS,Saint Kitts and Nevis,0,,0,2026-06-14,https://allowances.state.gov/Web920/
SAO TOME AND PRINCIPE,SAO TOME AND PRINCIPE,Sao Tome and Principe,25,,60,2026-06-14,https://allowances.state.gov/Web920/
SAUDI ARABIA,SA,Dhahran Area,25,35,25,2026-06-14,https://allowances.state.gov/Web920/
SAUDI ARABIA,SA,Jeddah,25,35,30,2026-06-14,https://allowances.state.gov/Web920/
SAUDI ARABIA,SA,Other,30,35,25,2026-06-14,https://allowances.state.gov/Web920/
SAUDI ARABIA,SA,Riyadh,30,35,30,2026-06-14,https://allowances.state.gov/Web920/
SENEGAL,SN,Dakar,25,,50,2026-06-14,https://allowances.state.gov/Web920/
SENEGAL,SN,Other,25,,50,2026-06-14,https://allowances.state.gov/Web920/
SERBIA,RS,Belgrade,15,,35,2026-06-14,https://allowances.state.gov/Web920/
SERBIA,RS,Other,20,,35,2026-06-14,https://allowances.state.gov/Web920/
SEYCHELLES,SEYCHELLES,Seychelles,20,,25,2026-06-14,https://allowances.state.gov/Web920/
SIERRA LEONE,SIERRA LEONE,Freetown,35,,10,2026-06-14,https://allowances.state.gov/Web920/
SIERRA LEONE,SIERRA LEONE,Other,35,,10,2026-06-14,https://allowances.state.gov/Web920/
SINGAPORE,SG,Singapore,0,,70,2026-06-14,https://allowances.state.gov/Web920/
SLOVENIA,SI,Ljubljana,0,,30,2026-06-14,https://allowances.state.gov/Web920/
SLOVENIA,SI,Other,0,,30,2026-06-14,https://allowances.state.gov/Web920/
SOLOMON ISLANDS,SOLOMON ISLANDS,Honiara,35,,50,2026-06-14,https://allowances.state.gov/Web920/
SOLOMON ISLANDS,SOLOMON ISLANDS,Other,35,,50,2026-06-14,https://allowances.state.gov/Web920/
SOMALIA,SOMALIA,Mogadishu,35,35,0,2026-06-14,https://allowances.state.gov/Web920/
SOMALIA,SOMALIA,Other,35,,0,2026-06-14,https://allowances.state.gov/Web920/
SOUTH AFRICA,ZA,Cape Town,15,,0,2026-06-14,https://allowances.state.gov/Web920/
SOUTH AFRICA,ZA,Durban,20,,0,2026-06-14,https://allowances.state.gov/Web920/
SOUTH AFRICA,ZA,Johannesburg,20,,0,2026-06-14,https://allowances.state.gov/Web920/
SOUTH AFRICA,ZA,Other,15,,0,2026-06-14,https://allowances.state.gov/Web920/
SOUTH AFRICA,ZA,Pretoria,15,,0,2026-06-14,https://allowances.state.gov/Web920/
SOUTH SUDAN,SOUTH SUDAN,Juba,30,35,42,2026-06-14,https://allowances.state.gov/Web920/
SOUTH SUDAN,SOUTH SUDAN,Other,30,,42,2026-06-14,https://allowances.state.gov/Web920/
SPAIN,ES,Albacete,0,,15,2026-06-14,https://allowances.state.gov/Web920/
SPAIN,ES,Algeciras,0,,15,2026-06-14,https://allowances.state.gov/Web920/
SPAIN,ES,Barcelona,0,,20,2026-06-14,https://allowances.state.gov/Web920/
SPAIN,ES,Madrid,0,,20,2026-06-14,https://allowances.state.gov/Web920/
SPAIN,ES,Moron,0,,20,2026-06-14,https://allowances.state.gov/Web920/
SPAIN,ES,Other,0,,20,2026-06-14,https://allowances.state.gov/Web920/
SPAIN,ES,Rota,0,,20,2026-06-14,https://allowances.state.gov/Web920/
SPAIN,ES,Seville,0,,20,2026-06-14,https://allowances.state.gov/Web920/
SPAIN,ES,Valencia,0,,15,2026-06-14,https://allowances.state.gov/Web920/
SRI LANKA,SRI LANKA,Colombo,15,,0,2026-06-14,https://allowances.state.gov/Web920/
SRI LANKA,SRI LANKA,Other,15,,0,2026-06-14,https://allowances.state.gov/Web920/
ST LUCIA,ST LUCIA,Saint Lucia,5,,30,2026-06-14,https://allowances.state.gov/Web920/
SUDAN,SUDAN,Khartoum,20,35,10,2026-06-14,https://allowances.state.gov/Web920/
SUDAN,SUDAN,Other,25,,10,2026-06-14,https://allowances.state.gov/Web920/
SURINAME,SURINAME,Other,25,,10,2026-06-14,https://allowances.state.gov/Web920/
SURINAME,SURINAME,Paramaribo,25,,10,2026-06-14,https://allowances.state.gov/Web920/
SWEDEN,SE,Other,0,,30,2026-06-14,https://allowances.state.gov/Web920/
SWEDEN,SE,Stockholm,0,,35,2026-06-14,https://allowances.state.gov/Web920/
SWITZERLAND,CH,Bern,0,,120,2026-06-14,https://allowances.state.gov/Web920/
SWITZERLAND,CH,Geneva,0,,120,2026-06-14,https://allowances.state.gov/Web920/
SWITZERLAND,CH,Other,0,,120,2026-06-14,https://allowances.state.gov/Web920/
SYRIA,SYRIA,Damascus,35,35,0,2026-06-14,https://allowances.state.gov/Web920/
SYRIA,SYRIA,Other,35,,0,2026-06-14,https://allowances.state.gov/Web920/
Samoa,Samoa,Samoa,25,,25,2026-06-14,https://allowances.state.gov/Web920/
Sint Maarten,Sint Maarten,Sint Maarten,0,,10,2026-06-14,https://allowances.state.gov/Web920/
Slovakia,SK,Bratislava,0,,30,2026-06-14,https://allowances.state.gov/Web920/
Slovakia,SK,Other,0,,30,2026-06-14,https://allowances.state.gov/Web920/
TAIWAN,TW,Kaohsiung,0,,25,2026-06-14,https://allowances.state.gov/Web920/
TAIWAN,TW,Other,5,,30,2026-06-14,https://allowances.state.gov/Web920/
TAIWAN,TW,Taipei,0,,30,2026-06-14,https://allowances.state.gov/Web920/
TAJIKISTAN,TAJIKISTAN,Dushanbe,30,,0,2026-06-14,https://allowances.state.gov/Web920/
TAJIKISTAN,TAJIKISTAN,Other,30,,0,2026-06-14,https://allowances.state.gov/Web920/
TANZANIA,TANZANIA,Dar Es Salaam,25,,5,2026-06-14,https://allowances.state.gov/Web920/
TANZANIA,TANZANIA,Other,25,,5,2026-06-14,https://allowances.state.gov/Web920/
THAILAND,TH,Bangkok,10,,10,2026-06-14,https://allowances.state.gov/Web920/
THAILAND,TH,Chiang Mai,15,,5,2026-06-14,https://allowances.state.gov/Web920/
THAILAND,TH,Other,15,,10,2026-06-14,https://allowances.state.gov/Web920/
THAILAND,TH,Udorn,15,,10,2026-06-14,https://allowances.state.gov/Web920/
TIMOR-LESTE,TIMOR-LESTE,Dili,30,,15,2026-06-14,https://allowances.state.gov/Web920/
TIMOR-LESTE,TIMOR-LESTE,Other,30,,15,2026-06-14,https://allowances.state.gov/Web920/
TOGO,TOGO,Lome,30,,30,2026-06-14,https://allowances.state.gov/Web920/
TOGO,TOGO,Other,30,,30,2026-06-14,https://allowances.state.gov/Web920/
TONGA,TONGA,Nukualofa,30,,35,2026-06-14,https://allowances.state.gov/Web920/
TONGA,TONGA,Other,30,,35,2026-06-14,https://allowances.state.gov/Web920/
TRINIDAD AND TOBAGO,TRINIDAD AND TOBAGO,Other,20,,15,2026-06-14,https://allowances.state.gov/Web920/
TRINIDAD AND TOBAGO,TRINIDAD AND TOBAGO,Port of Spain,20,,15,2026-06-14,https://allowances.state.gov/Web920/
TUNISIA,TN,Carthage,30,,0,2026-06-14,https://allowances.state.gov/Web920/
TUNISIA,TN,Other,30,,0,2026-06-14,https://allowances.state.gov/Web920/
TUNISIA,TN,Tunis,30,,0,2026-06-14,https://allowances.state.gov/Web920/
TURKEY,TR,Adana-Incirlik,15,,0,2026-06-14,https://allowances.state.gov/Web920/
TURKEY,TR,Ankara,10,,0,2026-06-14,https://allowances.state.gov/Web920/
TURKEY,TR,Gaziantep,15,,0,2026-06-14,https://allowances.state.gov/Web920/
TURKEY,TR,Istanbul,10,,0,2026-06-14,https://allowances.state.gov/Web920/
TURKEY,TR,Izmir-Cigli,10,,0,2026-06-14,https://allowances.state.gov/Web920/
TURKEY,TR,Other,10,,0,2026-06-14,https://allowances.state.gov/Web920/
TURKMENISTAN,TURKMENISTAN,Ashgabat,25,,70,2026-06-14,https://allowances.state.gov/Web920/
TURKMENISTAN,TURKMENISTAN,Other,25,,70,2026-06-14,https://allowances.state.gov/Web920/
UGANDA,UGANDA,Kampala,35,,20,2026-06-14,https://allowances.state.gov/Web920/
UGANDA,UGANDA,Other,35,,20,2026-06-14,https://allowances.state.gov/Web920/
UKRAINE,UA,Kyiv,30,35,0,2026-06-14,https://allowances.state.gov/Web920/
UKRAINE,UA,Lviv,30,35,0,2026-06-14,https://allowances.state.gov/Web920/
UKRAINE,UA,Other,30,35,0,2026-06-14,https://allowances.state.gov/Web920/
UNITED ARAB EMIRATES,AE,Abu Dhabi,10,35,20,2026-06-14,https://allowances.state.gov/Web920/
UNITED ARAB EMIRATES,AE,Dubai,5,35,20,2026-06-14,https://allowances.state.gov/Web920/
UNITED ARAB EMIRATES,AE,Other,10,35,20,2026-06-14,https://allowances.state.gov/Web920/
UNITED KINGDOM,GB,Alconbury,0,,60,2026-06-14,https://allowances.state.gov/Web920/
UNITED KINGDOM,GB,Aldermaston,0,,0,2026-06-14,https://allowances.state.gov/Web920/
UNITED KINGDOM,GB,Bath,0,,42,2026-06-14,https://allowances.state.gov/Web920/
UNITED KINGDOM,GB,Belfast,0,,60,2026-06-14,https://allowances.state.gov/Web920/
UNITED KINGDOM,GB,Birmingham,0,,50,2026-06-14,https://allowances.state.gov/Web920/
UNITED KINGDOM,GB,Bracknell,0,,60,2026-06-14,https://allowances.state.gov/Web920/
UNITED KINGDOM,GB,Bristol,0,,42,2026-06-14,https://allowances.state.gov/Web920/
UNITED KINGDOM,GB,Brookwood,0,,60,2026-06-14,https://allowances.state.gov/Web920/
UNITED KINGDOM,GB,Brough,0,,42,2026-06-14,https://allowances.state.gov/Web920/
UNITED KINGDOM,GB,Cambridge,0,,60,2026-06-14,https://allowances.state.gov/Web920/
UNITED KINGDOM,GB,Caversham,0,,60,2026-06-14,https://allowances.state.gov/Web920/
UNITED KINGDOM,GB,Chelmsford,0,,42,2026-06-14,https://allowances.state.gov/Web920/
UNITED KINGDOM,GB,Cheltenham,0,,42,2026-06-14,https://allowances.state.gov/Web920/
UNITED KINGDOM,GB,Chicksands,0,,42,2026-06-14,https://allowances.state.gov/Web920/
UNITED KINGDOM,GB,Croughton,0,,42,2026-06-14,https://allowances.state.gov/Web920/
UNITED KINGDOM,GB,Dunstable,0,,42,2026-06-14,https://allowances.state.gov/Web920/
UNITED KINGDOM,GB,Edinburgh,0,,42,2026-06-14,https://allowances.state.gov/Web920/
UNITED KINGDOM,GB,Edzell,0,,50,2026-06-14,https://allowances.state.gov/Web920/
UNITED KINGDOM,GB,Fairford,0,,42,2026-06-14,https://allowances.state.gov/Web920/
UNITED KINGDOM,GB,Farnborough,0,,60,2026-06-14,https://allowances.state.gov/Web920/
UNITED KINGDOM,GB,Felixstowe,0,,42,2026-06-14,https://allowances.state.gov/Web920/
UNITED KINGDOM,GB,Ft. Halstead,0,,60,2026-06-14,https://allowances.state.gov/Web920/
UNITED KINGDOM,GB,Glenrothes,0,,42,2026-06-14,https://allowances.state.gov/Web920/
UNITED KINGDOM,GB,Gloucestershire,0,,0,2026-06-14,https://allowances.state.gov/Web920/
UNITED KINGDOM,GB,Greenham Common,0,,42,2026-06-14,https://allowances.state.gov/Web920/
UNITED KINGDOM,GB,Harrogate,0,,42,2026-06-14,https://allowances.state.gov/Web920/
UNITED KINGDOM,GB,High Wycombe,0,,60,2026-06-14,https://allowances.state.gov/Web920/
UNITED KINGDOM,GB,Huntingdon,0,,60,2026-06-14,https://allowances.state.gov/Web920/
UNITED KINGDOM,GB,Hythe,0,,42,2026-06-14,https://allowances.state.gov/Web920/
UNITED KINGDOM,GB,Kemble,0,,42,2026-06-14,https://allowances.state.gov/Web920/
UNITED KINGDOM,GB,Lakenheath,0,,42,2026-06-14,https://allowances.state.gov/Web920/
UNITED KINGDOM,GB,Liverpool,0,,42,2026-06-14,https://allowances.state.gov/Web920/
UNITED KINGDOM,GB,London,0,,50,2026-06-14,https://allowances.state.gov/Web920/
UNITED KINGDOM,GB,Loudwater,0,,60,2026-06-14,https://allowances.state.gov/Web920/
UNITED KINGDOM,GB,Menwith Hill,0,,42,2026-06-14,https://allowances.state.gov/Web920/
UNITED KINGDOM,GB,Mildenhall,0,,42,2026-06-14,https://allowances.state.gov/Web920/
UNITED KINGDOM,GB,Molesworth,0,,60,2026-06-14,https://allowances.state.gov/Web920/
UNITED KINGDOM,GB,Nottingham,0,,50,2026-06-14,https://allowances.state.gov/Web920/
UNITED KINGDOM,GB,Other,0,,35,2026-06-14,https://allowances.state.gov/Web920/
UNITED KINGDOM,GB,Oxfordshire,0,,42,2026-06-14,https://allowances.state.gov/Web920/
UNITED KINGDOM,GB,Plymouth,0,,42,2026-06-14,https://allowances.state.gov/Web920/
UNITED KINGDOM,GB,Portsmouth,0,,42,2026-06-14,https://allowances.state.gov/Web920/
UNITED KINGDOM,GB,Reading,0,,60,2026-06-14,https://allowances.state.gov/Web920/
UNITED KINGDOM,GB,Rochester,0,,60,2026-06-14,https://allowances.state.gov/Web920/
UNITED KINGDOM,GB,Samlesbury,0,,42,2026-06-14,https://allowances.state.gov/Web920/
UNITED KINGDOM,GB,Southampton,0,,60,2026-06-14,https://allowances.state.gov/Web920/
UNITED KINGDOM,GB,Waterbeach,0,,42,2026-06-14,https://allowances.state.gov/Web920/
UNITED KINGDOM,GB,Welford,0,,42,2026-06-14,https://allowances.state.gov/Web920/
UNITED KINGDOM,GB,West Byfleet,0,,42,2026-06-14,https://allowances.state.gov/Web920/
UNITED KINGDOM,GB,Wiltshire,0,,42,2026-06-14,https://allowances.state.gov/Web920/
URUGUAY,URUGUAY,Montevideo,10,,50,2026-06-14,https://allowances.state.gov/Web920/
URUGUAY,URUGUAY,Other,0,,50,2026-06-14,https://allowances.state.gov/Web920/
UZBEKISTAN,UZBEKISTAN,Other,20,,0,2026-06-14,https://allowances.state.gov/Web920/
UZBEKISTAN,UZBEKISTAN,Tashkent,20,,0,2026-06-14,https://allowances.state.gov/Web920/
VANUATU,VANUATU,Port Vila,30,,20,2026-06-14,https://allowances.state.gov/Web920/
VENEZUELA,VENEZUELA,Caracas,35,,0,2026-06-14,https://allowances.state.gov/Web920/
VENEZUELA,VENEZUELA,Other,35,35,0,2026-06-14,https://allowances.state.gov/Web920/
VIETNAM,VN,Hanoi,25,,0,2026-06-14,https://allowances.state.gov/Web920/
VIETNAM,VN,Ho Chi Minh City,25,,5,2026-06-14,https://allowances.state.gov/Web920/
VIETNAM,VN,Other,25,,0,2026-06-14,https://allowances.state.gov/Web920/
YEMEN,YEMEN,Other,30,,0,2026-06-14,https://allowances.state.gov/Web920/
YEMEN,YEMEN,Sanaa,30,35,0,2026-06-14,https://allowances.state.gov/Web920/
ZAMBIA,ZM,Lusaka,20,,10,2026-06-14,https://allowances.state.gov/Web920/
ZAMBIA,ZM,Other,25,,10,2026-06-14,https://allowances.state.gov/Web920/
ZIMBABWE,ZW,Harare,25,,30,2026-06-14,https://allowances.state.gov/Web920/
ZIMBABWE,ZW,Other,25,,30,2026-06-14,https://allowances.state.gov/Web920/
